"id","mobile","resp","RT"
"1635973800.10052jhc",FALSE,3,214
"1635973800.10052jhc",FALSE,3,88
"1635973800.10052jhc",FALSE,3,255
"1635973800.10052jhc",FALSE,3,80
"1635973800.10052jhc",FALSE,3,83
"1635973800.10052jhc",FALSE,3,77
