"id","mobile","resp","RT"
"1635973640.09508cpb",FALSE,3,357
"1635973640.09508cpb",FALSE,3,152
"1635973640.09508cpb",FALSE,3,250
"1635973640.09508cpb",FALSE,3,92
"1635973640.09508cpb",FALSE,3,217
"1635973640.09508cpb",FALSE,3,142
