"id","mobile","resp","RT"
"1635972248.60706qhn",FALSE,3,261
"1635972248.60706qhn",FALSE,3,209
"1635972248.60706qhn",FALSE,3,275
"1635972248.60706qhn",FALSE,3,233
"1635972248.60706qhn",FALSE,3,372
"1635972248.60706qhn",FALSE,3,378
