"id","mobile","resp","RT"
"1635973938.26801cnh",FALSE,3,294
"1635973938.26801cnh",FALSE,3,333
"1635973938.26801cnh",FALSE,3,185
"1635973938.26801cnh",FALSE,3,104
"1635973938.26801cnh",FALSE,3,208
"1635973938.26801cnh",FALSE,3,134
