"id","mobile","resp","RT"
"1635978342.09218anx",FALSE,3,403
"1635978342.09218anx",FALSE,2,408
"1635978342.09218anx",FALSE,3,277
"1635978342.09218anx",FALSE,2,292
"1635978342.09218anx",FALSE,3,229
"1635978342.09218anx",FALSE,2,230
