"id","mobile","resp","RT"
"1635973570.71075vyi",FALSE,3,244
"1635973570.71075vyi",FALSE,3,87
"1635973570.71075vyi",FALSE,3,294
"1635973570.71075vyi",FALSE,3,112
"1635973570.71075vyi",FALSE,3,234
"1635973570.71075vyi",FALSE,3,83
