"id","mobile","resp","RT"
"1635973367.83808qbi",FALSE,3,289
"1635973367.83808qbi",FALSE,3,104
"1635973367.83808qbi",FALSE,3,234
"1635973367.83808qbi",FALSE,3,99
"1635973367.83808qbi",FALSE,3,252
"1635973367.83808qbi",FALSE,3,46
