"id","mobile","resp","RT"
"1635977631.30963hdg",FALSE,3,241
"1635977631.30963hdg",FALSE,3,46
"1635977631.30963hdg",FALSE,3,240
"1635977631.30963hdg",FALSE,3,44
"1635977631.30963hdg",FALSE,3,301
"1635977631.30963hdg",FALSE,3,114
