"id","mobile","resp","RT"
"1635973243.39061wjy",FALSE,3,290
"1635973243.39061wjy",FALSE,3,211
"1635973243.39061wjy",FALSE,3,315
"1635973243.39061wjy",FALSE,3,75
"1635973243.39061wjy",FALSE,3,199
"1635973243.39061wjy",FALSE,3,84
