"id","mobile","resp","RT"
"1635971882.49516zou",FALSE,3,276
"1635971882.49516zou",FALSE,3,99
"1635971882.49516zou",FALSE,3,319
"1635971882.49516zou",FALSE,3,74
"1635971882.49516zou",FALSE,3,278
"1635971882.49516zou",FALSE,3,102
