"id","mobile","resp","RT"
"1635972869.08405nws",FALSE,3,299
"1635972869.08405nws",FALSE,3,72
"1635972869.08405nws",FALSE,3,287
"1635972869.08405nws",FALSE,3,65
"1635972869.08405nws",FALSE,3,449
"1635972869.08405nws",FALSE,3,86
