"id","mobile","resp","RT"
"1643653772.53069gwr",FALSE,3,431
"1643653772.53069gwr",FALSE,3,407
"1643653772.53069gwr",FALSE,3,338
