"id","mobile","resp","RT"
"1643657973.80476xlf",FALSE,3,309
"1643657973.80476xlf",FALSE,3,304
"1643657973.80476xlf",FALSE,3,280
