"id","mobile","resp","RT"
"1643658227.30336rkx",FALSE,3,577
"1643658227.30336rkx",FALSE,3,282
"1643658227.30336rkx",FALSE,3,236
