"id","mobile","resp","RT"
"1643659882.20836kvi",FALSE,3,292
"1643659882.20836kvi",FALSE,3,300
"1643659882.20836kvi",FALSE,3,81
