"id","mobile","resp","RT"
"1643653675.80481bme",FALSE,3,1098
"1643653675.80481bme",FALSE,3,930
"1643653675.80481bme",FALSE,3,442
