"id","mobile","resp","RT"
"1643657441.89073lns",FALSE,3,603
"1643657441.89073lns",FALSE,1,343
"1643657441.89073lns",FALSE,3,339
