"id","mobile","resp","RT"
"1643658595.53439lej",FALSE,3,275
"1643658595.53439lej",FALSE,3,233
"1643658595.53439lej",FALSE,3,35
