"id","mobile","resp","RT"
"1643658893.20321tye",FALSE,3,440
"1643658893.20321tye",FALSE,3,272
"1643658893.20321tye",FALSE,3,104
