"id","mobile","resp","RT"
"1643657697.05658qet",FALSE,3,360
"1643657697.05658qet",FALSE,3,269
"1643657697.05658qet",FALSE,3,246
